hash,time,message,keyword_buggy,human_buggy,fastread_buggy
a5dec838c,2016-06-22 14:06:28,Tagging v2.0.0,0,,0
52f7e977e,2016-06-22 16:55:09,Builds properly but many tests fail due to numpy objects from num_util not being properly handled and deprecated also not being finished,1,,0
4cfa96ce7,2016-06-22 16:55:20,Merge branch 'adios_boost' of https://bitbucket.org/glotzer/hoomd-blue into adios_boost,0,,0
339957d7e,2016-06-22 16:57:48,Fixed improperly added files from last sync with master,1,,0
8018c243b,2016-06-22 22:04:37,Install headers and CMake scripts with the other hoomd files,0,,0
fba6666b8,2016-06-22 22:04:37,Install headers and CMake scripts with the other hoomd files,0,,0
80856e905,2016-06-23 11:51:42,Reverse path communication for multibody potentials (not yet working for more than 2 domains),0,,0
224ae3e87,2016-06-23 15:48:40,removed wrapper classes and corresponding virtual functions and removed extern/num_util boost dependancy,0,,0
317b805c3,2016-06-23 17:23:08,deprecated module,0,,0
05afb2b84,2016-06-23 18:12:01,added WalltimeLimitReached error back with pybind11 implementation,1,,0
8537321d1,2016-06-23 19:13:37,fix a problem where MPI simulations with rigid bodies fail,1,,1
5e427d0af,2016-06-23 22:34:27,really fix out of bounds error now,1,,1
57845a087,2016-06-24 01:06:07,Fix a bug in NeighborListGPUTree with MPI,1,,1
f1ff620ce,2016-06-24 01:17:17,fix bug on CPU,1,,1
40b6787bd,2016-06-24 01:24:00,fix another typo in base class,1,,0
1886b824b,2016-06-24 09:42:15,Add missing hoomd CMake cache input file,0,,0
81b8ea05a,2016-06-24 09:42:15,Add missing hoomd CMake cache input file,0,,0
23683e21f,2016-06-28 09:08:35,Add example plugin source,0,,0
15fa57bf0,2016-06-28 09:08:35,Add example plugin source,0,,0
658e37e9c,2016-06-28 09:08:55,Automatically build example plugin when tests are enabled,0,,0
602564b1a,2016-06-28 09:08:55,Automatically build example plugin when tests are enabled,0,,0
ff3140f5a,2016-06-28 15:11:39,in BondedGroupData added py::handle to NP arrays from NumUtils,0,,0
99251a29b,2016-06-28 15:13:19,enabled pybind11 to handle None as callback argument of run from Python,0,,0
7747567ba,2016-06-28 15:15:00,fixed handling of tuple keys passed in through python dictonary for GetarInit,1,,0
3880ac032,2016-06-28 15:15:50,note: NP array passing should be checked,0,,0
8cfa9d3e4,2016-06-28 15:31:20,Merge remote-tracking branch 'remotes/origin/maint' into HEAD,0,,0
5a761c6ce,2016-06-28 21:30:15,Support zero particles on a rank for some kernels that didn't,0,,0
69c74e75e,2016-06-28 21:31:54,Merge branch 'fix_zero_ptls_on_rank' into fix_mpi_update_rigid,0,,0
6c7d35619,2016-06-28 21:32:39,fix a wrong constant,1,,1
e33683233,2016-06-28 21:46:00,fix exception handling,1,,1
0410786cb,2016-06-28 21:46:00,fix exception handling,1,,1
641219526,2016-06-29 09:26:54,Merge branch 'master' into pair_van_der_waals,0,,0
7bac9ac5a,2016-06-29 10:05:52,Add missing import in hoomd.dump,0,,0
81b53ad67,2016-06-29 10:08:01,Remove old rigid body properties from hoomd.dump.getar,0,,0
9acc6999e,2016-06-29 13:01:38,fix tersoff potential on compute <=3.0,1,,1
b55dbc704,2016-06-29 20:45:18,Removed installation of unneeded cmake build file,0,,0
840461180,2016-06-29 20:45:18,Removed installation of unneeded cmake build file,0,,0
612e04cfa,2016-06-29 21:23:33,Remove another extraneous cmake file from installation directory,0,,0
17590e5f9,2016-06-29 21:23:33,Remove another extraneous cmake file from installation directory,0,,0
e56dc1305,2016-06-30 02:07:47,pybind11 for _md,0,,0
c36ce4622,2016-06-30 15:01:31,fixed IntegratorAnisotropicMode enum export to main module and not integrator class,1,,0
e6d11e5d3,2016-06-30 15:32:13,add composite particle ghost layer to default ghost layer,0,,0
d2b11fae7,2016-06-30 15:40:33,Comment clean-up,0,,0
53d71269c,2016-06-30 19:07:32,fixed enums and python enum handling for NPTMTK,1,,0
8959a85d2,2016-07-01 17:32:05,fixed compute energy between sets for pybind11,1,,0
cf235b04a,2016-07-05 00:09:34,pybind11 for hpmc module,0,,0
0873e46cf,2016-07-05 00:49:26,Fixed typo,1,,0
2a0a6f811,2016-07-05 01:52:17,temporary fix for list of tuples in make_verts functions,1,,1
d47f607c1,2016-07-05 14:38:22,pybind11 for dem module,0,,0
cc8137170,2016-07-05 15:05:44,explicitly defined _md lib dependancy for _dem,0,,0
ecd20143f,2016-07-05 15:17:57,fixed no init for dem/NoFriction,1,,0
54b20e116,2016-07-05 15:31:23,pybind11 for metal module,0,,0
47e5e4673,2016-07-05 15:51:21,pybind11 for cgcmm module,0,,0
f571ededf,2016-07-05 17:45:29,additional patching of ensure_list function,1,,0
c4213380f,2016-07-05 19:53:39,added missing namespace def,0,,0
f667c1ac7,2016-07-06 13:28:24,Fixed forwarding bug,1,,1
984cee873,2016-07-06 14:37:15,revert to scoped_ptr,0,,0
bce6d98b6,2016-07-07 10:52:41,replaced boost::random with <random>,0,,0
689a100bf,2016-07-07 16:21:11,fix for ExternalField derived modules previously using multiple inheritance,1,,1
27ad5c6de,2016-07-07 16:22:50,Merged adios_boost into adios_boost_random,0,,0
7bd63cc4d,2016-07-07 16:35:29,add submodule for upp11,0,,0
d72da684b,2016-07-07 18:51:29,Support mean density argument in pair.square_density(),0,,0
0c3646caf,2016-07-08 15:41:32,some cleanup but mainly replacing all boost unit test macros,0,,0
751309d3c,2016-07-08 15:42:12,mend,0,,0
b9ff0c768,2016-07-08 15:45:03,point all tests to same configure file,0,,0
8b14a5d66,2016-07-08 16:10:54,better dir to header,0,,0
84ea4b7d7,2016-07-08 16:15:12,fixed typo,1,,0
679914774,2016-07-08 17:27:51,add UP_MAIN declarations to most files  hopefully,0,,0
4853eab43,2016-07-08 19:18:34,Fix muvT implicit accceptance criterion,1,,1
7989d8d65,2016-07-08 19:20:39,add to changelog,0,,0
4497b96f8,2016-07-08 19:42:45,fix bug at low depletant fugacities,1,,1
ecddaeb49,2016-07-10 17:46:21,fix acceptance criterion,1,,1
bcd646f12,2016-07-10 17:47:27,fix bug in MPI,1,,1
d45337fce,2016-07-10 20:55:52,Aesthetic change,0,,0
c7093f186,2016-07-10 23:10:34,Enable overlap check interaction matrix per type pair,0,,0
b986d42b9,2016-07-10 23:25:56,fix nompi compile error,1,,1
691d287fa,2016-07-10 23:27:02,Merge branch 'fix_muvt_implicit' into hpmc_nonadditive,0,,0
5b48d8a6d,2016-07-10 23:42:31,remove ignore_overlaps,0,,0
955fe83a0,2016-07-10 23:55:31,fix another compile error,1,,1
317ec6dd6,2016-07-10 23:55:54,Merge branch 'fix_muvt_implicit' into hpmc_nonadditive,0,,0
ada855ade,2016-07-11 00:07:43,fix warning,1,,0
4db154d86,2016-07-11 00:08:04,Merge branch 'fix_muvt_implicit' into hpmc_nonadditive,0,,0
d00a123b9,2016-07-11 00:46:30,remove vestiges,0,,0
a70429a5d,2016-07-11 01:23:58,Fix runaway unit test,1,,1
600a3314e,2016-07-11 10:27:08,Fixed read_gsd to check whether the restart file exists,1,,0
a25378f8a,2016-07-11 10:51:53,minor doc fix,1,,0
f42611e27,2016-07-11 10:54:01,another minor doc fix,1,,0
89c888175,2016-07-11 11:02:37,intermediate,0,,0
b911f18f6,2016-07-11 11:04:12,Getting up to date with the master for flow development. Merge branch 'master' into flow,0,,0
fc36f93ce,2016-07-11 12:13:42,fix failing python2 unit test,1,,1
718dde2c8,2016-07-11 12:47:36,fix failing HPMC unit test,1,,1
677fa407f,2016-07-11 13:12:54,Add missing entries to change log for 2.0,0,,0
9e3ac8ccf,2016-07-11 13:20:47,backwards compatibility,0,,0
17d6d96dc,2016-07-11 13:22:16,quiet status,0,,0
f17e89d49,2016-07-11 13:23:15,quieter,0,,0
0e8d551b0,2016-07-11 15:24:05,doc fix,1,,0
cf10d7a6f,2016-07-11 15:53:53,fixed asserts for shared_ptrs in base module,1,,0
00ca61d77,2016-07-11 16:30:26,Remove context references for disabled objects,0,,0
c16c154cf,2016-07-11 16:30:50,neighborlist test partially fixed,1,,0
efb046fea,2016-07-11 16:33:03,missed change in base module fix,1,,1
62b3870f2,2016-07-11 16:33:27,md module builds,0,,0
11f332280,2016-07-11 16:36:47,extra force modules build,0,,0
283723c0b,2016-07-11 16:59:33,Add credit,0,,0
2c99621ec,2016-07-11 17:01:07,Add change log entry,0,,0
54f88bd22,2016-07-11 17:11:20,HPMC module builds,0,,0
3b651a46e,2016-07-11 17:16:07,removed extra boost config files,0,,0
7e6c93a18,2016-07-11 17:17:53,Merged in adios_boost_random (pull request #206),0,,0
09de75bae,2016-07-11 17:42:18,TODO updates and removed leftover comments,0,,0
4d61c188b,2016-07-11 17:42:35,Merge branch 'adios_boost' of https://bitbucket.org/glotzer/hoomd-blue into adios_boost,0,,0
99f000d4b,2016-07-11 17:46:59,resolve merge conflict for same comments being removed,0,,0
2e6309383,2016-07-11 18:04:24,fixed overzelous find/replace of extract,1,,0
2cc167b95,2016-07-12 09:16:14,Call parent method explicitly and fix status line,1,,1
aeaff859c,2016-07-12 10:05:09,Minor fixes to hpmc overview docs,1,,0
023ba3da8,2016-07-12 10:48:51,Restore virtual methods in Compute.h,0,,0
86140d438,2016-07-12 10:49:35,Ensure that m_comm is set for NeighborList,0,,0
71d4d6c79,2016-07-12 11:05:27,Test run(callback=...),0,,0
1321b6410,2016-07-12 11:57:07,Correct ref counts for returned numpy arrays.,0,,0
17ce834c8,2016-07-12 12:27:29,std_vector_bool is not used anywhere,0,,0
33d9d83ae,2016-07-12 12:47:52,Fix none handling in callback,1,,1
8f08194cd,2016-07-12 12:54:55,Replace other .call() with (),0,,0
57c5a67b2,2016-07-12 12:57:51,Merged in fix_zero_ptls_on_rank (pull request #203),0,,0
b8dc73439,2016-07-12 12:59:31,Merged in fix_exception_handling (pull request #204),0,,0
d0223e90c,2016-07-12 13:00:17,Merged in cleanup_dump_getar (pull request #205),0,,0
1ec7f17d9,2016-07-12 13:05:12,Merged in mphoward/hoomd-blue/disable_objects (pull request #210),0,,0
b9a3cc998,2016-07-12 13:17:58,Merge branch 'maint' into read_gsd_fix,0,,0
d63e3f6f2,2016-07-12 13:19:29,Update change log and credits,0,,0
e8d4fb669,2016-07-12 13:37:56,Check if the restart file variable is set before using it,0,,0
feff6b6b4,2016-07-12 13:39:41,Merge branch 'read_gsd_fix' of https://bitbucket.org/glotzer/hoomd-blue into read_gsd_fix,0,,0
ad5fe868a,2016-07-12 14:18:33,Merged in read_gsd_fix (pull request #209),0,,0
ca5b26057,2016-07-12 14:20:10,Merge branch 'maint' into fix_muvt_implicit,0,,0
63d4b769c,2016-07-12 14:21:36,Merged in fix_muvt_implicit (pull request #207),0,,0
9f7309363,2016-07-12 15:11:02,Merge branch 'master' into adios_boost,0,,0
e40348fea,2016-07-13 07:15:51,Restore libgetar to the latest version,0,,0
458ac39ba,2016-07-13 07:45:11,Clean up stray comments  tabs  indentation.,0,,0
27af11f71,2016-07-13 07:45:36,Document PYBIND11_DECLARE_HOLDER_TYPE,0,,0
341cab84e,2016-07-13 07:46:09,Evaluators should not need pybind11 includes,0,,0
b9afb653e,2016-07-13 07:54:08,Fix compile error introduced in previous commit.,1,,1
75d806988,2016-07-13 08:10:08,Fix yet more compile errors I introduced.,1,,1
ff0793ea3,2016-07-13 08:12:19,Quiet C++14 extension warnings from clang.,0,,0
d07451fa0,2016-07-13 10:24:42,No longer find and link libboost_python,0,,0
4e93d2a8c,2016-07-13 11:08:31,Quiet warnings on older compilers.,0,,0
0a88fe4c2,2016-07-13 11:17:35,Remove FindMPI.cmake,0,,0
39d904532,2016-07-13 11:21:25,Fix more compiler warnings,1,,0
4eb43643b,2016-07-13 11:27:06,add logic for setting off diagonal matrix elements,0,,0
ee68c2e6c,2016-07-13 12:12:47,fix acceptance criteria for non-spherical shapes,1,,1
51b5c69ae,2016-07-13 12:44:51,Merge branch 'maint' into hpmc_nonadditive,0,,0
e6778cbd8,2016-07-13 12:45:23,Merge branch 'fix_muvt_implicit_again' into hpmc_nonadditive,0,,0
ec52f4606,2016-07-13 13:01:56,fix typo in docs,1,,0
ca5ce8382,2016-07-13 15:38:57,fix failing unit test,1,,1
f9bf64d5c,2016-07-13 18:20:19,mods and tests for external field and shape proxy classes,0,,0
ef329042a,2016-07-13 18:20:39,Merge branch 'adios_boost' of bitbucket.org:glotzer/hoomd-blue into adios_boost,0,,0
fc77935bc,2016-07-14 10:36:51,Merged in fix_muvt_implicit_again (pull request #212),0,,0
408e288c2,2016-07-14 11:33:22,Merged in fix_mpi_update_rigid (pull request #201),0,,0
ad98b1e60,2016-07-14 14:09:53,mpi fixes so lattice fields can be initialized using snapshots.,1,,0
10956863a,2016-07-14 14:55:07,Error out when HPMC runs out of shared memory,1,,0
7020cb369,2016-07-14 15:13:52,Clarify the dihedral angle.,0,,0
235210ccd,2016-07-14 15:15:19,Update change log.,0,,0
bb4dda5c8,2016-07-14 17:34:18,MPI fixes  all test are passing,1,,0
4a1669ceb,2016-07-14 17:35:08,small bug where tuner would not change all tunables,1,,1
ceb63347f,2016-07-14 17:35:08,small bug where tuner would not change all tunables,1,,1
67b3bae97,2016-07-14 18:39:01,fix typos and remove sphinx from gpu config,1,,0
2478a28ac,2016-07-15 06:58:26,Shorten external_lattice test.,0,,0
6e1c5f17f,2016-07-15 10:16:21,Remove uneeded include,0,,0
c362358b2,2016-07-15 10:40:11,Merge branch 'master' into adios_boost,0,,0
7e9bba255,2016-07-15 10:41:08,Fix c++14 extension warnings,1,,1
fef7f35e6,2016-07-15 11:40:23,Clean up compiler warnings.,0,,0
1a41a77d7,2016-07-15 11:40:49,Remove suport for intel compilers,0,,0
3107c59f0,2016-07-15 11:43:32,Bump pybind to 1.8.1,0,,0
d20e60520,2016-07-15 11:59:27,Fix hpmc.util.tune doc formatting,1,,0
aaf84e769,2016-07-15 11:59:48,Update credits with pybind11 license,0,,0
ed028c9c4,2016-07-15 13:02:59,Bump version to v2.0.1,0,,0
063649ae9,2016-07-15 13:21:55,Add release dates to change log,0,,0
92b25fcbf,2016-07-18 08:18:00,Merged in adios_boost (pull request #211),0,,0
a0ece1098,2016-07-18 08:21:42,Merge branch 'master' into adios_boost_unittest,0,,0
367415a74,2016-07-18 08:55:41,Remove boost unit test linking.,0,,0
635e8233a,2016-07-18 09:10:27,Fix failing neighborlist test,1,,1
ffc19f669,2016-07-18 09:45:10,Fix long tests,1,,1
d2eb380b7,2016-07-18 09:45:18,Fix failing gpu_array test,1,,1
7ba41bc34,2016-07-18 10:42:23,Fix MPI unit tests.,1,,1
f32429d5d,2016-07-18 11:24:38,add_subdirectory for example_plugin instead of attempting to externally cmake it,0,,0
050da7daf,2016-07-18 11:24:38,add_subdirectory for example_plugin instead of attempting to externally cmake it,0,,0
77a044471,2016-07-18 12:00:15,Use self-maintained fork of upp11,0,,0
821bc43bf,2016-07-18 12:01:39,Update change log and credits,0,,0
b02e66881,2016-07-18 12:45:03,Convert migrate_request to Nano::Signal,0,,0
449ce704e,2016-07-18 12:50:39,Remove unused signal.,0,,0
d0f4cc397,2016-07-18 13:15:47,Convert compute callback to Nano::Signals,0,,0
20e241905,2016-07-18 14:21:54,Replace boost::serialization with cereal,0,,0
3a3f38f14,2016-07-18 14:35:37,Add cereal license to the credits,0,,0
8f7b97a2d,2016-07-18 14:49:19,Merge branch 'master' into hpmc_nonadditive,0,,0
d55b9f315,2016-07-18 14:51:25,Fix compile error when ENABLE_MPI=off,1,,1
ceedab800,2016-07-18 18:00:21,working CPU version,0,,0
e6271abec,2016-07-18 19:55:32,removed extra boost mentions and includes from unit tests,0,,0
7dce1a579,2016-07-19 09:03:59,Merged in adios_boost_unittest (pull request #213),0,,0
6ccfaa649,2016-07-19 11:22:06,Merge branch 'master' into hpmc_nonadditive,0,,0
35ec0911d,2016-07-19 12:18:31,Merged in adios_boost_serialization (pull request #214),0,,0
e2ba0d48d,2016-07-19 12:21:16,Bump to upp11 fix-mac-builds branch.,0,,1
28dd309bc,2016-07-19 12:21:44,Work around compile warnings on Mac OS X.,0,,0
e13ea815b,2016-07-19 13:31:16,support cuda toolkit 8.0,0,,0
11da53ea7,2016-07-19 13:55:55,Merge branch 'master' into add_rigid_option,0,,0
e81b11d7d,2016-07-19 14:05:18,Merge branch 'hpmc_nonadditive' into add_rigid_option,0,,0
9aeb0d67f,2016-07-19 14:36:32,fix merge conflicts,1,,1
7cbde9918,2016-07-19 14:40:20,doc update,0,,0
1870790e0,2016-07-19 14:57:30,default rigid=False,0,,0
311bd54ee,2016-07-19 15:12:08,first half of GPU MuellerPlatheFlow.,0,,0
9714d3421,2016-07-19 18:45:56,Full GPU implementation of MuellerPlatheFlow.,0,,0
8bdadec6b,2016-07-20 09:10:57,half boost replacement merge,0,,0
41205072b,2016-07-20 09:41:45,Merged in support_cuda_toolkit_80 (pull request #215),0,,0
53195a838,2016-07-20 10:47:35,remove vestigal include,0,,0
c827471cc,2016-07-20 11:25:00,Merged in remove_boost_include (pull request #218),0,,0
08d417623,2016-07-20 14:35:47,Remove old doxygen user docs,0,,0
7dce8d65a,2016-07-20 14:44:07,Always add -std=c++11 to CXX_FLAGS,0,,0
9f4296403,2016-07-20 16:21:25,Add a python test and make it pass.,0,,0
3fdda2b0e,2016-07-20 18:32:00,Merge branch 'master' into add_rigid_option,0,,0
bca32bf59,2016-07-20 18:42:58,Merge branch 'maint' into add_rigid_option,0,,0
faeaee092,2016-07-20 19:05:50,Fix improper modification of CMAKE_CXX_FLAGS,1,,1
274a4a0d0,2016-07-21 16:45:24,fix colors in pos writer for sphinx,1,,0
97b651dd9,2016-07-22 10:02:16,Changed tuner to avoid scoping issue when defining the lambda function calling set_params for each parameter,0,,0
7d2603a4f,2016-07-25 07:44:24,with the faceted sphere shape  xenocollide can get stuck in infinite loops,0,,0
4f80ae893,2016-07-25 07:53:02,Merge branch 'master' into add_rigid_option,0,,0
06689d008,2016-07-25 07:53:26,Merge branch 'add_rigid_option' of https://bitbucket.org/glotzer/hoomd-blue into add_rigid_option,0,,0
8ae0795ee,2016-07-25 07:54:28,remove stray file,0,,0
7040c1e15,2016-07-25 17:52:47,support non-contiguous tag -> snapshot id mapping,0,,0
46b610fd3,2016-07-25 18:07:56,update unit test & change log,0,,0
fe81abb74,2016-07-25 22:10:33,Make max iterations a configurable const,0,,0
58e2ccf83,2016-07-25 22:14:32,also move max loop count to const for 2D XenoCollide,0,,0
4841b2c49,2016-07-26 13:33:53,Merged in cleanup-doxygen-docs (pull request #219),0,,0
ce8d08234,2016-07-26 13:34:39,Merged in always-add-cpp11 (pull request #220),0,,0
5e07801ad,2016-07-26 13:58:33,Merged in fix_infinite_loop (pull request #223),0,,0
7c5edc749,2016-07-26 14:08:08,Update change log,0,,0
79255cc29,2016-07-26 14:15:19,aesthetic changes,0,,0
1368b74d3,2016-07-26 14:41:46,fix compiler warning,1,,0
acd880c97,2016-07-26 14:55:59,Merged in snapshot_rtag (pull request #224),0,,0
1400169b6,2016-07-26 14:58:12,Merged in fix_sphinx_shape_pos (pull request #221),0,,0
681748a33,2016-07-26 15:01:42,Merge branch 'maint',0,,0
5ac575aa5,2016-07-26 15:03:03,Minor reformatting in change log,0,,0
92f546d1a,2016-07-26 15:19:58,Merge branch 'master' into hpmc_nonadditive,0,,0
55ebf73f6,2016-07-26 15:20:13,Merge branch 'hpmc_nonadditive' of https://bitbucket.org/glotzer/hoomd-blue into hpmc_nonadditive,0,,0
adbc3b2ef,2016-07-26 15:21:37,Merge branch 'hpmc_nonadditive' into add_rigid_option,0,,0
4ce62d308,2016-07-26 16:52:40,Added unit test for tuning multiple tunables. Also started adding tests for tuning multiple types  but marked that for skipping for now since the feasibility of the implementation is still unclear,0,,0
86765815c,2016-07-27 14:08:22,do not rotate isotropic rigid shapes,0,,0
0022d938e,2016-07-27 16:22:56,fix a compiler warning,1,,0
3a062b1c4,2016-07-28 07:59:54,Merged in fix_warning (pull request #225),0,,0
8847ee48d,2016-07-28 16:44:21,signals for base module and deprecated converted to Nano Signal Slot,0,,0
eece58ae1,2016-07-28 18:21:39,Moved 1D constraint to non-boost version of hoomd,0,,0
5029580d3,2016-07-28 18:22:49,removed unneeded comments,0,,0
72a61b380,2016-07-28 19:28:04,removed boost::signals2 from md module,0,,0
8bc14b5be,2016-07-28 20:38:42,update docs for boxmc logging,0,,0
cb61a4c76,2016-07-28 20:43:34,removed boost::signals2 from HPMC,0,,0
3d7f1540d,2016-07-28 20:44:16,temporarily removed troublemakers,0,,0
a5a9450a5,2016-07-28 20:57:47,removed boost::signals2 from remaining modules,0,,0
377c30320,2016-07-28 21:23:53,replaced all boost bind and function usages with c++11 std,0,,0
b09a597f7,2016-07-28 22:04:36,Merge remote-tracking branch 'origin/master' into adios_boost_signals,0,,0
e69a98303,2016-07-28 22:05:33,replaced scoped ptrs and merged in master,0,,0
2b8ef24b4,2016-07-28 22:39:53,fix merge issues,1,,1
b87bb3921,2016-07-29 13:04:44,calling connect with template keyword. adding include in the up11_config,0,,0
88d63137d,2016-07-29 13:54:56,fix mpi ghost width signal,1,,1
d1a2bb391,2016-07-29 16:51:31,Fixed bug introduced by change to pybind,1,,1
29dee679c,2016-07-29 18:30:29,explcitily defined python output for overlap map and removed stl header,0,,0
a8abf38a2,2016-07-29 18:42:10,removed unused libraries,0,,0
0bcc4024e,2016-07-29 18:44:22,fix accidental change from merge,1,,1
d80061d56,2016-07-29 20:37:40,implemented explicit conversion and stopped using std::vector<bool>,0,,0
ef8a61a8a,2016-07-30 15:44:27,Merge branch 'maint' into add_rigid_option,0,,0
b638866a0,2016-07-30 15:48:21,Fix group.rigid() with MPI,1,,1
f2e26c02b,2016-07-30 15:51:15,Merge branch 'maint' into fix_group_rigid,0,,0
8e560405a,2016-07-30 21:37:03,fix replicate() when particles have large image flags,1,,1
6b16bdf8f,2016-08-01 14:09:21,Update example_plugin to use pybind11,0,,0
434da89f6,2016-08-01 14:09:55,Remove example_plugin automatic build in base CMakeLists.txt,0,,0
c6a631c8b,2016-08-01 14:31:53,Made hoomd automatically grab component symlinks in its directory,0,,0
f618c44a0,2016-08-01 14:57:50,Update license in example_plugin file headers,0,,0
fe273f3dc,2016-08-01 15:30:49,Merge branch 'support_plugins' of bitbucket.org:glotzer/hoomd-blue into support_plugins,0,,0
e4c469353,2016-08-01 15:33:58,Removed example_plugin build as a subdirectory again due to merge mistake,0,,0
2b0da381d,2016-08-02 06:50:47,Merged in m_eric_irrgang/__init__py-edited-online-with-bitbucket-1469738270810 (pull request #227),0,,0
dfbde89bd,2016-08-02 07:13:51,Use random seed in dem utils test,0,,0
478389ac1,2016-08-02 07:43:23,Fix box edge rounding issue.,1,,1
b6d60c39f,2016-08-02 07:43:58,Merged in fix_group_rigid (pull request #229),0,,0
64adebf41,2016-08-02 07:44:21,Merged in fix_replicate_multiple_img (pull request #230),0,,0
3de359e53,2016-08-02 08:31:03,Minor documentation clean up,0,,0
5bdfe82d5,2016-08-02 08:58:34,Add deprecated notices for ignore_overlaps,0,,0
1c8a360ed,2016-08-02 09:09:20,Update contributing guidelines.,0,,0
b5e6e574d,2016-08-02 09:09:59,Update credits,0,,0
9217d70ee,2016-08-02 09:31:38,update changelog,0,,0
e545fb929,2016-08-02 09:40:03,Add interaction_matrix to local doc index,0,,0
8362c6cef,2016-08-02 09:41:13,Merged in hpmc_nonadditive (pull request #208),0,,0
07760c339,2016-08-02 10:50:30,changed getNDOFRemoved to support mpi,0,,0
4d82b4b8f,2016-08-02 10:51:05,Added in getNDOFRemoved function,0,,0
73be43e39,2016-08-02 13:42:04,Fixed a variable name,1,,0
d1914b077,2016-08-02 17:27:25,fixed map_overlap back to std::vector<bool> and properly access,1,,0
8c0778caa,2016-08-02 17:28:55,add test for map_overlap function,0,,0
d2bb94ab6,2016-08-02 18:54:01,fixed syntax mistake,1,,0
c2f09375a,2016-08-02 23:19:27,Merged master into adios_boost_signals,0,,0
699695711,2016-08-02 23:52:24,replacing some boost::random uses that escaped my wrath,0,,0
76b894ba8,2016-08-02 23:54:03,eliminating boost::noncopyable and boost/utility includes,0,,0
8f689a2f7,2016-08-03 17:18:57,Fixes to the ForceDistanceConstraint tag checking scheme,1,,0
db67ef671,2016-08-04 10:28:47,Fix GPUArray scope issues in constrain.rigid() unit test,1,,1
1f0e4e283,2016-08-04 15:32:48,fix emit_accum lamda functions for ghost layer widths,1,,1
8acff4fbb,2016-08-04 15:43:25,allowed for std::placeholder usage in the long tests,0,,0
e692d0ffe,2016-08-04 16:54:38,Merge branch 'master' into add_rigid_option,0,,0
9fa257585,2016-08-04 17:20:32,Use bitwise AND to decide whether to check overlaps,0,,0
4360a031c,2016-08-04 17:26:34,fix hasOrientation() method,1,,1
45e77844a,2016-08-04 17:35:00,fix merge conflict,1,,1
7fe5a7bc3,2016-08-04 17:40:01,ignores -> overlap,0,,0
a29f9f881,2016-08-04 18:09:33,added temporary MPI_Aborts calls to stop inf runs due to MPI_Waitall calls,0,,0
d259850de,2016-08-05 10:54:24,Fix unit test,1,,1
d2c11d870,2016-08-05 16:13:35,remove boost headers,0,,0
b566a0013,2016-08-05 16:35:24,fixed error in flags signal call,1,,0
e086b566a,2016-08-05 16:46:01,reversed temporary debugging changes,0,,0
7051d8953,2016-08-05 16:48:17,minor bug fix,1,,1
df8ffd572,2016-08-05 16:48:20,Merge branch 'adios_boost_signals' of bitbucket.org:glotzer/hoomd-blue into adios_boost_signals,0,,0
b350a4848,2016-08-05 17:33:30,fix destructor issues,1,,1
303998764,2016-08-05 17:44:20,fixed again for compatibility with MPI=OFF,1,,0
0fb934f10,2016-08-05 17:46:38,Merge branch 'adios_boost_signals' of bitbucket.org:glotzer/hoomd-blue into adios_boost_signals,0,,0
63d08427f,2016-08-05 18:54:08,switched include syntax to <> for nano_signal_slot,0,,0
f17392348,2016-08-08 19:17:53,make hpmc.util.tune handle multiple particle types as documented,0,,0
3c8ea90f6,2016-08-08 22:13:17,fix typo in hpmc.util.compress,1,,0
55ee881bf,2016-08-09 09:18:56,Merge branch 'maint',0,,0
5bb3935f8,2016-08-09 09:37:51,Work around single precision wrapping problems in lattice test,1,,0
29129b244,2016-08-09 09:39:34,Merge branch 'maint',0,,0
9dce32d2c,2016-08-09 11:11:31,Remove dead code,0,,0
f0c6b073e,2016-08-09 11:24:13,Remove boost from the documentation,0,,0
838ade0ff,2016-08-09 11:25:06,Update change log.,0,,0
c796e802c,2016-08-09 13:28:40,Merged in adios_boost_signals (pull request #231),0,,0
10a23aabc,2016-08-09 13:29:23,Merged in m_eric_irrgang/utilpy-edited-online-with-bitbucket-1470694356845 (pull request #232),0,,0
c3f0c0127,2016-08-09 13:45:20,Merge branch 'master' into support_plugins,0,,0
b5282dc01,2016-08-09 13:45:51,Remove FindBoost from plugins,0,,0
06f33b5cc,2016-08-09 13:51:47,Release date for 2.0.2,0,,0
e0d2f190c,2016-08-09 13:52:35,Tagging version 2.0.2,0,,0
1d0cfa33b,2016-08-09 23:46:28,Merge branch 'master' into add_rigid_option,0,,0
b3c6a5b66,2016-08-10 01:41:01,"Revert ""allow different radius per vertex""",0,,0
993762317,2016-08-10 15:36:36,fixed link to compile guide,1,,0
5b11ec5f3,2016-08-11 11:33:51,Added unit tests that test tuning multiple tunables at once as well as tuning by type,0,,0
dbb789ebc,2016-08-11 13:36:41,Cleaned up util a bit more,0,,0
ca3fc524b,2016-08-11 19:24:54,OneDConstraint now traps particles to move on a vector that can be set by the user (cpu/gpu tested),0,,0
6f4181c01,2016-08-12 09:37:52,connected to GPU kernel autotuner,0,,0
a61276bcd,2016-08-12 10:10:47,Reversion caused rebase issues  requires a separate commit,0,,0
1e765fc37,2016-08-12 10:11:54,Fixed rebase conflict for the lambda function vs functools.partial solution to the original tuning problem,1,,0
ef2b8783a,2016-08-12 10:14:35,Added myself into credits,0,,0
a3349c5dc,2016-08-12 10:17:38,Removed any extraneous old lines introduced in the rebase,0,,0
e5a1be61d,2016-08-12 10:27:47,updated documentation,0,,0
a7c3bf945,2016-08-12 10:29:13,added unittest for constrain.oneD,0,,0
8a50684b8,2016-08-12 10:41:01,Put test in wrong place,1,,0
8ac6653a7,2016-08-12 10:47:41,fixing the unittest,1,,0
222143610,2016-08-12 11:51:46,Actually fixed it now,1,,0
36514fd4f,2016-08-12 12:30:36,Changed test to pass in single precision,0,,0
eb21e0df7,2016-08-12 13:53:27,Single precision needs an even looser assertion,0,,0
d9475e8d5,2016-08-12 15:43:02,Added versionadded info to docstring,0,,0
61c5f6543,2016-08-12 17:21:27,Merged master into fix_master_tests,0,,0
bc4e43b17,2016-08-12 18:36:54,fixed single precision and mpi build errors,1,,0
ec02d287c,2016-08-16 09:32:25,Merged in mikemhenry/hoomd-blue/linkfix (pull request #233),0,,0
6eb2221b4,2016-08-16 10:12:45,Update change log and credits,0,,0
2269b38b2,2016-08-16 10:14:49,Merged in tuning_fix_rebase (pull request #234),0,,0
14e7783d9,2016-08-16 10:18:48,Merged in fix_master_tests (pull request #235),0,,0
8dcbe62a1,2016-08-16 10:32:45,Merge branch 'master' into 1D_no_boost,0,,0
61e989811,2016-08-16 10:33:36,Update change log,0,,0
4070d239d,2016-08-16 10:34:23,Merged in 1D_no_boost (pull request #228),0,,0
2044b0f9e,2016-08-16 11:21:32,Fix documentation formatting,1,,0
ab823a421,2016-08-16 11:29:55,Remove unused entries from documentation.,0,,0
6045354e3,2016-08-16 11:34:23,adjust error message,1,,0
74b75fd9a,2016-08-16 11:40:28,Merged in add_rigid_option (pull request #216),0,,0
426ebaf4b,2016-08-16 15:54:23,little fix,1,,1
d2f945ed0,2016-08-16 16:55:50,Added notes on installation of components to documentation  with developer page,0,,0
b950e9a42,2016-08-17 08:24:17,Fix a bug in the DCD dump writer,1,,1
871749a71,2016-08-17 08:24:43,Update change log,0,,0
07d1b58ae,2016-08-17 11:45:21,correctly free MPI communicators.,0,,0
4b4ddcab1,2016-08-17 12:12:07,Fix of the MPI_Comm_free.,1,,1
3d701b380,2016-08-17 13:23:55,improved documentation. Adding flow target units and exclude non-orthorhombic boxes.,0,,0
a103dafa1,2016-08-17 13:47:09,Easier python interface.,0,,0
122b70116,2016-08-17 13:49:58,Updating credits.,0,,0
8a9fe908c,2016-08-17 15:40:03,fix test_confiened calls to minImage,1,,1
d38d61e73,2016-08-17 15:40:22,Merge remote-tracking branch 'origin/fixWalls' into fix_walls,0,,0
b127df7f4,2016-08-21 21:54:45,Support variable numbers of maximum members for ShapeUnion<>,0,,0
ffbc079ee,2016-08-22 08:51:22,fix unit tests,1,,1
efed88f08,2016-08-22 11:13:08,Fix virial calculation in PotentialPairDPDThermoGPU,1,,1
0c80bd0a7,2016-08-23 08:04:34,Update change log and credits,0,,0
194ce0215,2016-08-23 08:05:17,Merged in support_plugins (pull request #202),0,,0
49d094ac6,2016-08-23 08:06:15,Merged in fix-dcd-bug (pull request #236),0,,1
ee5cfa9b0,2016-08-23 08:23:23,Merged in fixWalls (pull request #237),0,,0
d9d266db2,2016-08-23 08:24:17,Update change log,0,,0
734456b4a,2016-08-23 08:29:32,Merge branch 'maint' into fix_dpd_pressure,0,,0
fca6fec66,2016-08-23 08:31:55,Merged in fix_dpd_pressure (pull request #239),0,,0
9a652d97e,2016-08-23 08:35:14,Merge branch 'master' into shape_union_select,0,,0
1807cb755,2016-08-23 08:37:58,Merged in shape_union_select (pull request #238),0,,0
a38fa1f1b,2016-08-23 09:00:21,Remove unused boost references.,0,,0
031e0c0ad,2016-08-23 09:06:44,Fix typo in md.walls documentation.,1,,0
ab39cde7e,2016-08-23 09:54:18,Report error when there is no context,1,,0
31a148f7b,2016-08-23 10:12:18,Only open python stdout/stderr in non-mpirun execution,0,,0
ede3e31a3,2016-08-24 07:53:35,Update change log,0,,0
e5373c217,2016-08-24 08:06:01,Add example notebooks to README.,0,,0
eace05c09,2016-08-24 08:12:34,Try again to get code formatting right,0,,0
0e1d57237,2016-08-24 08:15:21,Fix formatting with hoomd-examples list in readme,1,,0
26f778105,2016-08-29 18:03:11,Fix bug in frenkel ladd field module.,1,,1
eb49e1812,2016-08-29 18:03:45,Fix critical bug in remove_drift class.,1,,1
f70d1a1ac,2016-08-30 09:52:33,Merge branch 'maint' into fixfrenkelladd,0,,0
076790309,2016-08-30 12:47:31,Update changelog and credits,0,,0
536e500e3,2016-08-30 12:49:03,Merged in fixfrenkelladd (pull request #241),0,,0
2dc4b38ca,2016-08-30 13:33:29,Fix getar RPATH warning,1,,0
e1645414a,2016-08-30 13:47:56,Bump version to 2.0.3,0,,0
3c52ae95f,2016-08-30 14:48:51,Ignore a few lint warnings,0,,0
de969d69a,2016-08-30 15:08:28,Merge branch 'maint',0,,0
77fdc2e3d,2016-08-31 11:17:26,resolving credits merge conflict.,0,,0
850709d22,2016-08-31 11:26:42,remove forced DeviceSynchronize(),0,,0
0eb46d9ff,2016-08-31 11:37:15,change getGridPartition to getGridSize,0,,0
2a14c645d,2016-08-31 11:51:13,add versionadded tags.,0,,0
6df6dba71,2016-08-31 14:23:50,cleanup sphinx doc.,0,,0
c2332da12,2016-08-31 14:37:52,Allow logging of summed momentum.,0,,0
51d524e2d,2016-08-31 14:40:38,Reduce test to a simple API test.,0,,0
2e1e93479,2016-08-31 15:45:22,Fixing compiling errors and typos.,1,,0
1adf52786,2016-09-01 13:34:32,include masses for real momentum transfer.,0,,0
0b77165a2,2016-09-01 14:33:29,Adding run time checks and runtime_errors for non orthorhombic boxes.,0,,0
4357de037,2016-09-01 14:35:13,reset white spaces.,0,,0
cf4784c59,2016-09-01 14:48:32,add use_charge boolean option to reaction field pair coefficients,0,,0
cb83303f6,2016-09-01 15:44:17,reenable support for CMake 2.8.x,0,,0
96ed2927d,2016-09-01 16:48:26,Clarifications.,0,,0
b370b7a3a,2016-09-01 17:37:31,New template based slow directions.,0,,0
5c7fbcd41,2016-09-01 18:19:33,Exporting Direction enum to python.,0,,0
bd95d8744,2016-09-01 18:28:56,Removing unneccessary comments.,0,,0
cad7c7d83,2016-09-01 18:32:04,Avoid comparison to 0  because of numpy.,0,,0
bbe0dae2c,2016-09-01 18:35:18,No particles found -> stop loop.,0,,0
579a863cd,2016-09-01 19:08:41,reset communication flags every time step,0,,0
282cb097c,2016-09-02 16:38:32,Misc fixes to support plug-ins,1,,0
97d3ace7b,2016-09-02 16:40:15,fix typo,1,,0
c38f71719,2016-09-06 10:07:54,use a tighter estimate of the body diameter,0,,0
9e99eb333,2016-09-06 10:45:18,Optimize ghost layer handling for rigid bodies,0,,0
013625a9d,2016-09-06 12:00:31,Simplify some communication logic,0,,0
b3cbfbfae,2016-09-06 15:34:50,add error message for missing central particles,1,,0
384a31890,2016-09-06 16:42:44,fix another problem with ghost layer handling,1,,1
dea6f3318,2016-09-06 18:29:09,further tweaks trying to find bug,1,,1
e3633ecfa,2016-09-06 20:03:09,More detailed error message,1,,0
8047dc791,2016-09-06 21:52:57,fix sorter bug,1,,1
874af0a3e,2016-09-07 10:53:16,Move enum from class scope to struct scope for GPU code compliance.,0,,0
0a726f4ef,2016-09-07 11:08:18,Remove templates step 1.,0,,0
ea31fb1cc,2016-09-07 11:21:33,Templates eliminated  switches with struct enums.,0,,0
76a88d270,2016-09-07 11:44:48,misc safety checks,0,,0
81185c87e,2016-09-07 11:45:06,sanity check on group.tag_list() arguments,0,,0
784193352,2016-09-07 11:49:01,amend change log,0,,0
e8c3b1382,2016-09-07 19:28:25,add bond.lj(),0,,0
ac0e6a0f3,2016-09-07 19:30:16,add to changelog,0,,0
7fbd3e9db,2016-09-07 19:56:53,Merge branch 'reaction_field_use_charge' into bond_lj,0,,0
770a37105,2016-09-07 21:47:23,bond.lj -> special_pair.lj(),0,,0
85fdad04d,2016-09-07 22:02:32,extend .xml file format reader one last time (?),0,,0
9d4ea3c2a,2016-09-07 22:11:54,add xml notice message,0,,0
37e5f502c,2016-09-07 22:35:26,small tweak,0,,0
a95defe63,2016-09-08 07:05:40,error message bond->special_pair and remove unused code,1,,0
adf8dd891,2016-09-08 11:57:12,Merged in reaction_field_use_charge (pull request #242),0,,0
c9b2df0d7,2016-09-08 12:04:17,Merged in support_cmake_28 (pull request #243),0,,0
1e5fd001b,2016-09-08 12:04:53,Merged in fix_unnecessary_communication (pull request #244),0,,0
9c2f022e1,2016-09-08 12:06:50,Merged in fix_plugin_misc (pull request #245),0,,0
8d5ec7eb8,2016-09-08 12:08:37,Merged in group_tag_list_consistency_check (pull request #247),0,,0
ac0de1654,2016-09-08 17:58:30,Reset the versionadd tag to the correct version.,0,,0
1f1671f05,2016-09-09 16:24:54,fix failing unit test,1,,1
6c049da17,2016-09-09 16:26:55,Merge branch 'master' into bond_lj,0,,0
c1cfe3665,2016-09-09 16:29:11,edit ChangeLog,0,,0
438dab937,2016-09-09 16:29:23,define GSD version 1.1 instead of 2.0,0,,0
26cb6e2b0,2016-09-09 16:30:44,update comment,0,,0
eb269de2a,2016-09-09 17:03:28,fix failing GSD unit test,1,,1
67bd669b6,2016-09-09 18:29:13,fix invalid bond forces when there are many bond types,1,,1
c2f1f90d7,2016-09-09 18:40:56,add explanatory comment in docs,0,,0
9aceb4a93,2016-09-12 18:11:26,add initial support for Yukawa Ewald splitting,0,,0
dd1b746e4,2016-09-12 20:30:50,screened PPPM working,0,,0
51588088d,2016-09-12 20:57:55,update unit test,0,,0
b512c7b19,2016-09-12 21:00:06,add to changelog,0,,0
b070e70c8,2016-09-12 21:04:58,remove debug printf,0,,0
48e7226f4,2016-09-12 21:11:05,restrict non-neutral warning to unscreened systems,0,,0
cba9570e3,2016-09-12 21:34:23,fix array access mode,1,,1
bff72b839,2016-09-12 21:35:05,fix typo,1,,0
94e06bf94,2016-09-12 21:37:28,fix sign in exclusions,1,,1
7a5a8c9de,2016-09-12 23:58:46,fix initialization of pair.ewald(),1,,1
eac2f2bed,2016-09-13 00:22:15,remove unnecessary correction,0,,0
80cc11556,2016-09-13 11:34:49,fixed bug in lattice.py  added unit test to check behavior,1,,1
b60247a0c,2016-09-13 11:36:31,fixed bug in lattice.py,1,,1
1682f5b24,2016-09-13 12:22:31,Merged glotzer/hoomd-blue into maint,0,,0
d6b93022a,2016-09-13 12:28:34,examples need to set seed to function,0,,0
125fde9ee,2016-09-13 13:57:36,Merged in LudwigSchneider/hoomd-blue/flow (pull request #217),0,,0
02e06812e,2016-09-13 13:59:35,Merged in mikemhenry/hoomd-blue (pull request #250),0,,0
37a148763,2016-09-13 14:00:45,Merge branch 'maint',0,,0
5dd3ddb90,2016-09-13 14:02:05,Catch up on change log,0,,0
ce8e67e92,2016-09-13 14:23:27,Merged in optimize_mpi_rigid_body (pull request #246),0,,0
bb8884b8b,2016-09-13 14:36:49,Merged in mikemhenry/hoomd-blue (pull request #251),0,,0
66667b38f,2016-09-15 10:44:42,move pair ewald test to python tests,0,,0
bf6eef5cb,2016-09-15 11:20:52,Disable cusolver in CUDA 8.0,0,,0
a82c910be,2016-09-15 11:22:37,Merge branch 'maint',0,,0
ba42d7d7e,2016-09-15 11:27:46,Default: Don't copy headers into build/,0,,0
95c5b9855,2016-09-15 13:37:36,apply kiss fft bugfixes,0,,0
5f804e0af,2016-09-15 14:16:37,Merge branch 'master' into yukawa_ewald,0,,0
2a82435d3,2016-09-15 19:43:20,fix bug where energy is misreported on first step in GPU simulations,1,,1
95692b21d,2016-09-15 19:43:20,fix bug where energy is misreported on first step in GPU simulations,1,,1
748d3afdf,2016-09-15 19:57:48,Remove HOOMDMPI.h header from .cuh file,0,,0
a6d22e54d,2016-09-15 20:34:32,fix bug where MolecularForceCompute consumed the sort signal,1,,1
edae8571e,2016-09-15 20:34:32,fix bug where MolecularForceCompute consumed the sort signal,1,,1
9d7a31866,2016-09-15 20:39:22,fix potential energy computation with constrain.rigid() and MPI,1,,1
139a41600,2016-09-15 20:39:22,fix potential energy computation with constrain.rigid() and MPI,1,,1
412385ec4,2016-09-15 20:56:27,fix merge conflicts on maint,1,,1
544a19757,2016-09-15 21:17:01,Merge branch 'master' into fix_rigid_energy_master,0,,0
65b12cac6,2016-09-15 21:23:08,Merge branch 'fix_rigid_energy_master' into yukawa_ewald,0,,0
5d40f5b6e,2016-09-15 21:30:37,Merge branch 'master' into bond_lj,0,,0
218f34a2e,2016-09-16 02:09:11,Fix bug in charge.pppm() on CPU,1,,1
95e82f0c4,2016-09-16 02:09:11,Fix bug in charge.pppm() on CPU,1,,1
006fee573,2016-09-16 13:28:31,Fixing compiler warnings.,1,,0
fc4210ede,2016-09-16 14:38:22,add to Changelog,0,,0
2e7415882,2016-09-16 15:34:04,communicate before analyzers are called,0,,0
5310640ba,2016-09-16 16:47:09,cleanly start with updated forces,0,,0
8f5e23626,2016-09-16 23:21:34,fix bug: charge.pppm() computed invalid forces,1,,1
5ff94aa8f,2016-09-16 23:21:34,fix bug: charge.pppm() computed invalid forces,1,,1
ec63abf77,2016-09-16 23:24:34,add to changelog,0,,0
236e51752,2016-09-18 18:30:45,calculate rigid body correction,0,,0
d430a9f55,2016-09-18 18:32:46,initialize variable in constructor,0,,0
b8521ecca,2016-09-18 18:42:17,add to changelog,0,,0
b5dba9500,2016-09-18 19:06:56,fix nan's,1,,1
7e2f433df,2016-09-19 10:56:05,honor interaction matrix in compute.free_volume() on GPU,0,,0
996d398d3,2016-09-20 07:25:42,Document COPY_HEADERS CMake option,0,,0
16493ed88,2016-09-20 07:25:56,Fix broken python copy targets,1,,1
f8f58a745,2016-09-20 08:40:50,Fix COPY_HEADERS cmake in dem module,1,,1
44d8b1aa8,2016-09-20 09:03:46,Only attempt to quiet clang warnings on apple's special clang version,0,,0
bf1f73f46,2016-09-20 09:39:44,Merged in cmake-optimizations (pull request #252),0,,0
30c7175e3,2016-09-20 09:48:02,Merged in fix_rigid_energy (pull request #253),0,,0
d18888fc5,2016-09-20 09:48:35,Merged in fix_rigid_energy_master (pull request #254),0,,0
5e2178dc2,2016-09-20 09:54:05,Merge branch 'maint' into fix_pppm_cpu,0,,0
56f417630,2016-09-20 09:55:09,Merge branch 'maint' into fix_pppm,0,,0
27262b3f2,2016-09-20 09:56:50,Merged in fix_pppm_cpu (pull request #256),0,,0
ac0d760fa,2016-09-20 10:02:36,Merge branch 'maint' into fix_pppm,0,,0
45e577413,2016-09-20 12:38:57,Merged in fix_pppm (pull request #258),0,,0
59c270c03,2016-09-20 12:41:05,Merged in free_volume_overlaps (pull request #259),0,,0
e4cdcfcc6,2016-09-20 13:19:22,Try a different RNG seed for stats-check,0,,0
75b9a3d7b,2016-09-20 13:21:31,Merged in LudwigSchneider/hoomd-blue/flow (pull request #255),0,,0
81ab65036,2016-09-20 13:23:40,Merged glotzer/hoomd-blue into maint,0,,0
0d7f51bcd,2016-09-20 13:26:11,fixed namespace issue,1,,0
d1f929063,2016-09-20 13:28:09,Merge branch 'maint' into communicate_before_logger,0,,0
f9cc55a02,2016-09-20 13:34:31,Merged in bond_lj (pull request #248),0,,0
f1ffdb4a9,2016-09-21 01:26:41,Optimize depletant simulations on CPU,0,,0
a47ef03f1,2016-09-21 15:29:58,added unit tests,0,,0
bdc39c9e5,2016-09-21 19:53:23,Merge branch 'master' into communicate_before_logger,0,,0
f9dded8d5,2016-09-21 19:59:17,trying lower grid size in unit test,0,,0
fc24d344d,2016-09-21 20:01:11,Merge branch 'master' into yukawa_ewald,0,,0
25e289014,2016-09-21 20:18:50,tweak unit test,0,,0
5a85f08c8,2016-09-23 17:32:10,Changed radius check in SWCAPotential.h to properly account for the SWCA diameter  changed DEM3DForceCompute.cc to use this check,0,,0
c487617c1,2016-09-25 22:52:53,use cudaMallocManaged on GPU for HPMC params,0,,0
048134ea2,2016-09-26 04:36:55,managed memory in ShapeUnion<> seems to work,0,,0
b948b0961,2016-09-26 10:48:42,removed call to pow(),0,,0
6339d7afc,2016-09-26 12:18:09,more correct name,0,,0
0508832cc,2016-09-26 13:20:55,now faster due to shared memory loads,0,,0
c5cadcf8a,2016-09-26 14:32:51,now works with correct memory coherency,0,,0
c846f0f8a,2016-09-26 17:32:30,BUGFIX: Before used local box  where global box was required.,0,,0
08570d4ac,2016-09-27 10:54:58,Merged in communicate_before_logger (pull request #257),0,,0
5ea8d098c,2016-09-27 13:51:20,Merged in LudwigSchneider/hoomd-blue/flow (pull request #263),0,,0
d00ccdd18,2016-09-28 06:01:35,Merged in mikemhenry/hoomd-blue (pull request #260),0,,0
a7be1234e,2016-09-28 06:02:58,Update changelog,0,,0
25524c4be,2016-09-28 06:04:55,Merged in optimize_hpmc (pull request #261),0,,0
69b26e343,2016-09-28 06:53:02,Merged in yukawa_ewald (pull request #249),0,,0
2003f6c8f,2016-09-28 07:02:51,Mention pair potentials that do not support energy shifting,0,,0
0b67f31ea,2016-09-28 09:29:41,Merged in dem_swca_fix (pull request #262),0,,0
c636e7afa,2016-09-28 09:30:57,Update change log,0,,0
4067feb46,2016-09-28 09:36:00,Merge branch 'maint',0,,0
7899a3455,2016-09-28 09:37:14,Fix change log formatting,1,,0
7ad4c950f,2016-09-28 17:48:12,Add hoomd.dump.getar.writeJSON,0,,0
185e80700,2016-09-28 18:33:51,Add get_type_shapes to DEM force computes,0,,0
8aeb62fa1,2016-09-29 11:21:08,Made DEM type_shapes tests not use SWCA,0,,0
b59810230,2016-09-29 14:33:42,Added a get_type_shapes function to mode_hpmc so that integrators can provide a list of available shapes. Also added a set of unit tests for this,0,,0
114dd4a49,2016-09-29 14:33:59,Merge branch 'getar_dump_shapes' of https://www.bitbucket.com/glotzer/hoomd-blue into getar_dump_shapes,0,,0
929792d08,2016-09-29 15:11:47,Moved the get_type_shapes function into each of the integrators. Also added support for convex_spheropolygons,0,,0
d52e999b3,2016-09-30 08:50:21,Move dimension calculation out of inner loop in get_type_shapes for spheres,0,,0
6aaf6f1c2,2016-09-30 09:14:20,Fix failing test,1,,1
18ffc2ed1,2016-09-30 09:47:11,Added documentation related to hoomd.dump.getar.writeJSON,0,,0
d62be972e,2016-10-03 09:06:18,Merged in getar_dump_shapes (pull request #265),0,,0
f57f0d683,2016-10-04 09:41:46,Make sphinx builds report warnings as errors,1,,0
fc3f5c297,2016-10-04 09:53:16,Fix failing doc build,1,,1
